{"cameraMode":{"drawMode":0,"name":"Shaded","section":"Shading Mode"},"sceneLighting":true,"audioPlay":false,"sceneViewState":{"showFog":true,"showMaterialUpdate":true,"showSkybox":true,"showFlares":true,"showImageEffects":true,"showParticleSystems":true},"in2DMode":false,"pivot":{"x":4.319660186767578,"y":11.04202651977539,"z":69.24327850341797},"rotation":{"x":0.1504720151424408,"y":-0.6511495113372803,"z":0.13390150666236878,"w":0.7317370772361755},"size":10.0,"orthographic":false}